{"data":[{"objName":"AdObj1","time":0.41229233145713808,"duration":3.6171634197235109,"minDist":2.583873987197876,"maxDist":3.1251018047332765}]}]