{"data":[{"objName":"AdObj2","time":0.35333335399627688,"duration":1.3084940910339356,"minDist":5.12539005279541,"maxDist":6.0668182373046879},{"objName":"AdObj2","time":2.4170420169830324,"duration":5.958922386169434,"minDist":3.2822649478912355,"maxDist":6.171520233154297},{"objName":"AdObj2","time":9.432638168334961,"duration":6.171490669250488,"minDist":3.4783735275268556,"maxDist":6.628617763519287}]}]