{"data":[{"objName":"AdObj3","time":0.35333335399627688,"duration":8.257222175598145,"minDist":4.766221046447754,"maxDist":6.200256824493408},{"objName":"AdObj3","time":21.796031951904298,"duration":1.4963493347167969,"minDist":3.06913161277771,"maxDist":5.1096110343933109},{"objName":"AdObj3","time":24.83226203918457,"duration":5.295900344848633,"minDist":3.0808522701263429,"maxDist":4.593745231628418}]}]