{"data":[{"objName":"AdObj1","time":0.7400512099266052,"duration":5.946909427642822,"minDist":2.5908217430114748,"maxDist":6.330337047576904}]}]