{"data":[{"objName":"AdObj2","time":0.35333335399627688,"duration":11.053386688232422,"minDist":3.6576831340789797,"maxDist":6.319215774536133},{"objName":"AdObj2","time":17.013946533203126,"duration":13.114215850830079,"minDist":2.9897947311401369,"maxDist":11.557050704956055}]}]