{"data":[{"objName":"AdObj1","time":0.7312090992927551,"duration":21.287948608398439,"minDist":1.7512205839157105,"maxDist":9.398070335388184},{"objName":"AdObj1","time":23.1295223236084,"duration":0.5636615753173828,"minDist":9.550113677978516,"maxDist":9.887405395507813}]}]