{"data":[{"objName":"AdObj3","time":0.35333335399627688,"duration":2.805591106414795,"minDist":5.598537921905518,"maxDist":6.581291675567627},{"objName":"AdObj3","time":3.5622918605804445,"duration":1.3928935527801514,"minDist":4.80294942855835,"maxDist":6.686668395996094},{"objName":"AdObj3","time":6.257657527923584,"duration":3.0184121131896974,"minDist":5.065229892730713,"maxDist":5.766222953796387}]}]