{"data":[{"objName":"AdObj3","time":0.35333335399627688,"duration":1.069032907485962,"minDist":4.975072860717773,"maxDist":5.942809104919434},{"objName":"AdObj3","time":2.642049551010132,"duration":5.610136032104492,"minDist":1.0985074043273926,"maxDist":5.3595685958862309},{"objName":"AdObj3","time":9.738356590270996,"duration":5.865772247314453,"minDist":3.8655295372009279,"maxDist":8.130464553833008}]}]