{"data":[{"objName":"AdObj3","time":0.35333335399627688,"duration":1.336139440536499,"minDist":5.03346586227417,"maxDist":6.200256824493408},{"objName":"AdObj3","time":2.610832452774048,"duration":1.9059007167816163,"minDist":3.7750887870788576,"maxDist":6.198488712310791},{"objName":"AdObj3","time":5.1739912033081059,"duration":1.5129694938659669,"minDist":3.802513599395752,"maxDist":5.327831745147705}]}]