{"data":[{"objName":"AdObj1","time":0.7412160634994507,"duration":13.340523719787598,"minDist":2.5908217430114748,"maxDist":4.4787917137146}]}]