{"data":[{"objName":"AdObj1","time":0.6522180438041687,"duration":6.534748077392578,"minDist":1.1217005252838135,"maxDist":3.4128730297088625},{"objName":"AdObj1","time":8.139620780944825,"duration":0.1190938949584961,"minDist":2.247234344482422,"maxDist":2.453078508377075},{"objName":"AdObj1","time":10.433792114257813,"duration":1.0296144485473633,"minDist":3.5769264698028566,"maxDist":5.428576946258545},{"objName":"AdObj1","time":13.621179580688477,"duration":6.389900207519531,"minDist":3.8181872367858888,"maxDist":6.486183166503906}]}]