{"data":[{"objName":"AdObj1","time":0.4362480342388153,"duration":3.5246973037719728,"minDist":2.583873987197876,"maxDist":4.138351917266846},{"objName":"AdObj1","time":5.000295639038086,"duration":10.603833198547364,"minDist":0.5950982570648193,"maxDist":6.85947322845459}]}]