{"data":[{"objName":"AdObj3","time":0.35333335399627688,"duration":3.6761221885681154,"minDist":5.598537921905518,"maxDist":5.942809104919434}]}]