{"data":[{"objName":"AdObj2","time":0.35333335399627688,"duration":3.6761221885681154,"minDist":5.730001926422119,"maxDist":6.0668182373046879}]}]