{"data":[{"objName":"AdObj3","time":0.35333335399627688,"duration":13.728405952453614,"minDist":5.635506629943848,"maxDist":6.807003498077393}]}]