{"data":[{"objName":"AdObj2","time":0.35333335399627688,"duration":13.728405952453614,"minDist":5.733138561248779,"maxDist":7.427578926086426}]}]