{"data":[{"objName":"AdObj2","time":0.35333335399627688,"duration":8.25866985321045,"minDist":1.0448477268218995,"maxDist":6.333204746246338},{"objName":"AdObj2","time":10.04275131225586,"duration":6.252498626708984,"minDist":1.9173381328582764,"maxDist":7.970760822296143}]}]