{"data":[{"objName":"AdObj1","time":0.42451873421669009,"duration":9.007227897644043,"minDist":2.583873987197876,"maxDist":6.2332048416137699}]}]