{"data":[{"objName":"AdObj2","time":0.35333335399627688,"duration":9.078413009643555,"minDist":5.698218822479248,"maxDist":7.718144416809082}]}]