{"data":[{"objName":"AdObj2","time":0.35333335399627688,"duration":5.180253505706787,"minDist":5.5980658531188969,"maxDist":7.040469169616699}]}]